<?xml version="1.0" encoding="UTF-8"?>
<!DOCTYPE model_object_graph SYSTEM "file://bladelogic.com/dtds/BLObjectGraph_v01.dtd">
<model_object_graph blmodel_version="8.3">
    <source_key>DBKey:SExtendedObjectClassKeyImpl:4701</source_key>
    <exclude_list>
        <exclude_type>600</exclude_type>
    </exclude_list>
    <relationship_list>
        <reference FK="true" id="R1979" source="SExtendedObjectClass"
            target="SConfigFileGrammar" type="dependency">
            <field_map_list>
                <field_map>
                    <local_field_name>configFileGrammarId</local_field_name>
                    <target_field_name>configFileGrammarId</target_field_name>
                </field_map>
            </field_map_list>
        </reference>
    </relationship_list>
    <object_list>
        <object_info id="O6452">
            <object class="SConfigFileGrammar">
                <field_list>
                    <field name="configFileGrammarId">13</field>
                    <field name="name"><![CDATA[single_val.gm]]></field>
                    <field name="displayName"><![CDATA[single unique value per line grammar (single_val.gm)]]></field>
                    <field name="description"><![CDATA[grammar for files with a single unique value per line]]></field>
                    <field name="deleted">false</field>
                    <field name="locationId">null</field>
                </field_list>
            </object>
            <link_list>
                <link object="O6451" reference="R1979"/>
            </link_list>
        </object_info>
        <object_info id="O6451">
            <object class="SExtendedObjectClass">
                <field_list>
                    <field name="extendedObjectClassId">4701</field>
                    <field name="templateId">0</field>
                    <field name="templateVersionId">0</field>
                    <field name="createdByRoleId">1000010</field>
                    <field name="createdByUserId">1000010</field>
                    <field name="modifiedByRoleId">1000010</field>
                    <field name="modifiedByUserId">1000010</field>
                    <field name="configFileGrammarId">13</field>
                    <field name="characterEncodingId">0</field>
                    <field name="blAclId">2000010</field>
                    <field name="name"><![CDATA[Yum repos enabled]]></field>
                    <field name="description"><![CDATA[]]></field>
                    <field name="osId">3</field>
                    <field name="execScript"><![CDATA[cd /etc/yum.repos.d && grep -l ^enabled *.repo | cut -f1 -d'.']]></field>
                    <field name="remoteExecute">true</field>
                    <field name="execScriptParameterized">false</field>
                    <field name="dateCreated">2014/02/24 23:49:29-0600</field>
                    <field name="dateModified">2014/02/24 23:49:29-0600</field>
                    <field name="deleted">false</field>
                </field_list>
            </object>
        </object_info>
    </object_list>
</model_object_graph>
